employee_id,job_function,department,seniority_level,hire_date
1,Director,Consulting,Lead,2015-01-01
2,Partner,Consulting,Executive,2015-01-02
3,Manager,Consulting,Junior,2015-01-03
4,Partner,Consulting,Executive,2015-01-04
5,Partner,Consulting,Lead,2015-01-05
6,Consultant,Tax,Junior,2015-01-06
7,Manager,Consulting,Lead,2015-01-07
8,Manager,Tax,Lead,2015-01-08
9,Manager,Consulting,Senior,2015-01-09
10,Partner,Advisory,Junior,2015-01-10
11,Director,Audit,Senior,2015-01-11
12,Manager,Tax,Junior,2015-01-12
13,Partner,Consulting,Lead,2015-01-13
14,Consultant,Advisory,Lead,2015-01-14
15,Director,Audit,Executive,2015-01-15
16,Consultant,Tax,Junior,2015-01-16
17,Director,Audit,Senior,2015-01-17
18,Partner,Advisory,Executive,2015-01-18
19,Analyst,Tax,Executive,2015-01-19
20,Director,Audit,Executive,2015-01-20
21,Consultant,Consulting,Senior,2015-01-21
22,Partner,Tax,Executive,2015-01-22
23,Director,Audit,Senior,2015-01-23
24,Analyst,Advisory,Executive,2015-01-24
25,Analyst,Advisory,Senior,2015-01-25
26,Manager,Tax,Lead,2015-01-26
27,Manager,Audit,Lead,2015-01-27
28,Consultant,Tax,Lead,2015-01-28
29,Director,Tax,Lead,2015-01-29
30,Director,Audit,Lead,2015-01-30
31,Manager,Audit,Executive,2015-01-31
32,Director,Consulting,Executive,2015-02-01
33,Director,Audit,Executive,2015-02-02
34,Analyst,Advisory,Senior,2015-02-03
35,Manager,Tax,Senior,2015-02-04
36,Partner,Tax,Senior,2015-02-05
37,Manager,Advisory,Senior,2015-02-06
38,Partner,Audit,Lead,2015-02-07
39,Analyst,Advisory,Lead,2015-02-08
40,Consultant,Advisory,Lead,2015-02-09
41,Director,Consulting,Junior,2015-02-10
42,Analyst,Advisory,Executive,2015-02-11
43,Director,Tax,Senior,2015-02-12
44,Consultant,Advisory,Senior,2015-02-13
45,Consultant,Tax,Lead,2015-02-14
46,Analyst,Tax,Senior,2015-02-15
47,Consultant,Tax,Senior,2015-02-16
48,Partner,Audit,Executive,2015-02-17
49,Consultant,Consulting,Lead,2015-02-18
50,Director,Tax,Executive,2015-02-19
51,Director,Tax,Junior,2015-02-20
52,Director,Audit,Junior,2015-02-21
53,Director,Tax,Junior,2015-02-22
54,Partner,Advisory,Lead,2015-02-23
55,Manager,Advisory,Senior,2015-02-24
56,Analyst,Consulting,Lead,2015-02-25
57,Director,Tax,Lead,2015-02-26
58,Consultant,Audit,Senior,2015-02-27
59,Director,Advisory,Executive,2015-02-28
60,Consultant,Audit,Junior,2015-03-01
61,Consultant,Audit,Executive,2015-03-02
62,Director,Advisory,Junior,2015-03-03
63,Partner,Audit,Lead,2015-03-04
64,Consultant,Advisory,Junior,2015-03-05
65,Consultant,Audit,Lead,2015-03-06
66,Director,Advisory,Executive,2015-03-07
67,Consultant,Tax,Lead,2015-03-08
68,Consultant,Consulting,Executive,2015-03-09
69,Director,Advisory,Senior,2015-03-10
70,Director,Advisory,Senior,2015-03-11
71,Analyst,Consulting,Senior,2015-03-12
72,Partner,Advisory,Lead,2015-03-13
73,Partner,Advisory,Senior,2015-03-14
74,Consultant,Audit,Junior,2015-03-15
75,Partner,Consulting,Executive,2015-03-16
76,Consultant,Tax,Executive,2015-03-17
77,Analyst,Advisory,Junior,2015-03-18
78,Director,Consulting,Lead,2015-03-19
79,Director,Audit,Lead,2015-03-20
80,Director,Tax,Executive,2015-03-21
81,Partner,Consulting,Senior,2015-03-22
82,Analyst,Tax,Lead,2015-03-23
83,Partner,Tax,Lead,2015-03-24
84,Partner,Tax,Junior,2015-03-25
85,Analyst,Advisory,Junior,2015-03-26
86,Analyst,Advisory,Senior,2015-03-27
87,Analyst,Audit,Lead,2015-03-28
88,Analyst,Audit,Lead,2015-03-29
89,Director,Consulting,Junior,2015-03-30
90,Manager,Audit,Lead,2015-03-31
91,Manager,Tax,Executive,2015-04-01
92,Analyst,Tax,Junior,2015-04-02
93,Manager,Advisory,Senior,2015-04-03
94,Manager,Tax,Junior,2015-04-04
95,Analyst,Consulting,Lead,2015-04-05
96,Manager,Tax,Senior,2015-04-06
97,Partner,Tax,Junior,2015-04-07
98,Consultant,Consulting,Executive,2015-04-08
99,Consultant,Audit,Executive,2015-04-09
100,Analyst,Audit,Junior,2015-04-10
101,Director,Consulting,Executive,2015-04-11
102,Analyst,Advisory,Executive,2015-04-12
103,Director,Tax,Executive,2015-04-13
104,Consultant,Consulting,Senior,2015-04-14
105,Analyst,Tax,Executive,2015-04-15
106,Partner,Advisory,Executive,2015-04-16
107,Manager,Tax,Executive,2015-04-17
108,Director,Consulting,Senior,2015-04-18
109,Manager,Tax,Junior,2015-04-19
110,Manager,Audit,Lead,2015-04-20
111,Analyst,Advisory,Executive,2015-04-21
112,Manager,Advisory,Junior,2015-04-22
113,Partner,Advisory,Executive,2015-04-23
114,Manager,Consulting,Senior,2015-04-24
115,Analyst,Advisory,Junior,2015-04-25
116,Partner,Audit,Senior,2015-04-26
117,Consultant,Consulting,Executive,2015-04-27
118,Manager,Audit,Executive,2015-04-28
119,Analyst,Tax,Senior,2015-04-29
120,Consultant,Tax,Lead,2015-04-30
121,Consultant,Tax,Senior,2015-05-01
122,Director,Tax,Executive,2015-05-02
123,Partner,Audit,Senior,2015-05-03
124,Manager,Consulting,Lead,2015-05-04
125,Analyst,Consulting,Senior,2015-05-05
126,Director,Advisory,Lead,2015-05-06
127,Partner,Audit,Lead,2015-05-07
128,Director,Tax,Senior,2015-05-08
129,Partner,Audit,Senior,2015-05-09
130,Partner,Advisory,Junior,2015-05-10
131,Manager,Advisory,Executive,2015-05-11
132,Partner,Audit,Lead,2015-05-12
133,Director,Audit,Junior,2015-05-13
134,Partner,Audit,Senior,2015-05-14
135,Manager,Consulting,Executive,2015-05-15
136,Manager,Tax,Junior,2015-05-16
137,Director,Audit,Lead,2015-05-17
138,Consultant,Audit,Junior,2015-05-18
139,Consultant,Audit,Lead,2015-05-19
140,Partner,Advisory,Senior,2015-05-20
141,Analyst,Advisory,Executive,2015-05-21
142,Partner,Consulting,Executive,2015-05-22
143,Director,Tax,Executive,2015-05-23
144,Director,Consulting,Senior,2015-05-24
145,Director,Tax,Lead,2015-05-25
146,Director,Advisory,Senior,2015-05-26
147,Director,Advisory,Executive,2015-05-27
148,Manager,Advisory,Senior,2015-05-28
149,Consultant,Consulting,Senior,2015-05-29
150,Director,Audit,Senior,2015-05-30
151,Analyst,Audit,Lead,2015-05-31
152,Analyst,Advisory,Junior,2015-06-01
153,Analyst,Audit,Junior,2015-06-02
154,Analyst,Audit,Senior,2015-06-03
155,Manager,Consulting,Junior,2015-06-04
156,Analyst,Tax,Junior,2015-06-05
157,Director,Advisory,Senior,2015-06-06
158,Partner,Advisory,Senior,2015-06-07
159,Analyst,Consulting,Executive,2015-06-08
160,Manager,Consulting,Junior,2015-06-09
161,Manager,Audit,Lead,2015-06-10
162,Analyst,Advisory,Senior,2015-06-11
163,Partner,Tax,Executive,2015-06-12
164,Analyst,Consulting,Lead,2015-06-13
165,Manager,Tax,Junior,2015-06-14
166,Consultant,Tax,Executive,2015-06-15
167,Director,Advisory,Senior,2015-06-16
168,Manager,Advisory,Lead,2015-06-17
169,Analyst,Consulting,Senior,2015-06-18
170,Director,Advisory,Junior,2015-06-19
171,Analyst,Advisory,Lead,2015-06-20
172,Analyst,Advisory,Junior,2015-06-21
173,Consultant,Tax,Junior,2015-06-22
174,Director,Consulting,Executive,2015-06-23
175,Director,Audit,Senior,2015-06-24
176,Consultant,Tax,Lead,2015-06-25
177,Manager,Advisory,Junior,2015-06-26
178,Analyst,Tax,Junior,2015-06-27
179,Partner,Advisory,Lead,2015-06-28
180,Analyst,Advisory,Junior,2015-06-29
181,Analyst,Tax,Executive,2015-06-30
182,Manager,Consulting,Executive,2015-07-01
183,Analyst,Advisory,Executive,2015-07-02
184,Consultant,Consulting,Executive,2015-07-03
185,Consultant,Audit,Junior,2015-07-04
186,Director,Advisory,Lead,2015-07-05
187,Partner,Consulting,Lead,2015-07-06
188,Analyst,Consulting,Lead,2015-07-07
189,Analyst,Audit,Lead,2015-07-08
190,Manager,Consulting,Senior,2015-07-09
191,Consultant,Consulting,Lead,2015-07-10
192,Partner,Audit,Senior,2015-07-11
193,Director,Advisory,Senior,2015-07-12
194,Consultant,Consulting,Executive,2015-07-13
195,Director,Consulting,Senior,2015-07-14
196,Manager,Consulting,Junior,2015-07-15
197,Manager,Tax,Senior,2015-07-16
198,Analyst,Audit,Executive,2015-07-17
199,Partner,Tax,Senior,2015-07-18
200,Director,Audit,Junior,2015-07-19
201,Consultant,Advisory,Junior,2015-07-20
202,Manager,Advisory,Junior,2015-07-21
203,Analyst,Consulting,Executive,2015-07-22
204,Analyst,Audit,Executive,2015-07-23
205,Director,Advisory,Lead,2015-07-24
206,Manager,Audit,Executive,2015-07-25
207,Partner,Advisory,Junior,2015-07-26
208,Manager,Tax,Junior,2015-07-27
209,Director,Advisory,Executive,2015-07-28
210,Director,Tax,Senior,2015-07-29
211,Manager,Advisory,Executive,2015-07-30
212,Director,Consulting,Executive,2015-07-31
213,Manager,Tax,Junior,2015-08-01
214,Consultant,Advisory,Lead,2015-08-02
215,Manager,Consulting,Junior,2015-08-03
216,Manager,Tax,Lead,2015-08-04
217,Director,Consulting,Junior,2015-08-05
218,Director,Audit,Executive,2015-08-06
219,Analyst,Audit,Junior,2015-08-07
220,Analyst,Tax,Junior,2015-08-08
221,Consultant,Advisory,Junior,2015-08-09
222,Analyst,Tax,Executive,2015-08-10
223,Manager,Consulting,Executive,2015-08-11
224,Director,Advisory,Executive,2015-08-12
225,Analyst,Audit,Executive,2015-08-13
226,Analyst,Advisory,Lead,2015-08-14
227,Consultant,Audit,Lead,2015-08-15
228,Consultant,Advisory,Senior,2015-08-16
229,Manager,Advisory,Executive,2015-08-17
230,Director,Advisory,Lead,2015-08-18
231,Consultant,Consulting,Junior,2015-08-19
232,Analyst,Consulting,Executive,2015-08-20
233,Director,Tax,Senior,2015-08-21
234,Director,Tax,Senior,2015-08-22
235,Analyst,Audit,Senior,2015-08-23
236,Consultant,Consulting,Junior,2015-08-24
237,Analyst,Audit,Lead,2015-08-25
238,Director,Tax,Junior,2015-08-26
239,Partner,Audit,Executive,2015-08-27
240,Partner,Tax,Senior,2015-08-28
241,Manager,Consulting,Junior,2015-08-29
242,Analyst,Advisory,Junior,2015-08-30
243,Analyst,Consulting,Lead,2015-08-31
244,Manager,Audit,Lead,2015-09-01
245,Manager,Audit,Senior,2015-09-02
246,Manager,Consulting,Junior,2015-09-03
247,Director,Consulting,Junior,2015-09-04
248,Analyst,Tax,Lead,2015-09-05
249,Director,Audit,Junior,2015-09-06
250,Manager,Audit,Junior,2015-09-07
251,Analyst,Consulting,Junior,2015-09-08
252,Director,Advisory,Lead,2015-09-09
253,Director,Audit,Senior,2015-09-10
254,Manager,Advisory,Executive,2015-09-11
255,Analyst,Consulting,Senior,2015-09-12
256,Manager,Consulting,Executive,2015-09-13
257,Analyst,Tax,Junior,2015-09-14
258,Partner,Audit,Senior,2015-09-15
259,Consultant,Advisory,Executive,2015-09-16
260,Consultant,Tax,Lead,2015-09-17
261,Consultant,Audit,Lead,2015-09-18
262,Manager,Tax,Senior,2015-09-19
263,Partner,Consulting,Senior,2015-09-20
264,Analyst,Audit,Junior,2015-09-21
265,Director,Tax,Senior,2015-09-22
266,Analyst,Tax,Junior,2015-09-23
267,Director,Advisory,Junior,2015-09-24
268,Analyst,Tax,Lead,2015-09-25
269,Partner,Audit,Lead,2015-09-26
270,Director,Audit,Executive,2015-09-27
271,Manager,Advisory,Lead,2015-09-28
272,Analyst,Audit,Lead,2015-09-29
273,Analyst,Consulting,Senior,2015-09-30
274,Director,Audit,Lead,2015-10-01
275,Manager,Audit,Executive,2015-10-02
276,Manager,Tax,Senior,2015-10-03
277,Partner,Tax,Executive,2015-10-04
278,Manager,Audit,Lead,2015-10-05
279,Manager,Advisory,Executive,2015-10-06
280,Manager,Tax,Senior,2015-10-07
281,Consultant,Advisory,Junior,2015-10-08
282,Partner,Audit,Executive,2015-10-09
283,Analyst,Audit,Executive,2015-10-10
284,Director,Consulting,Senior,2015-10-11
285,Analyst,Tax,Senior,2015-10-12
286,Partner,Audit,Executive,2015-10-13
287,Director,Consulting,Lead,2015-10-14
288,Partner,Tax,Executive,2015-10-15
289,Manager,Audit,Senior,2015-10-16
290,Director,Audit,Junior,2015-10-17
291,Manager,Tax,Junior,2015-10-18
292,Analyst,Tax,Lead,2015-10-19
293,Analyst,Tax,Executive,2015-10-20
294,Director,Audit,Junior,2015-10-21
295,Director,Audit,Executive,2015-10-22
296,Partner,Consulting,Senior,2015-10-23
297,Partner,Advisory,Junior,2015-10-24
298,Manager,Tax,Lead,2015-10-25
299,Director,Audit,Senior,2015-10-26
300,Analyst,Audit,Lead,2015-10-27
301,Partner,Tax,Senior,2015-10-28
302,Partner,Advisory,Junior,2015-10-29
303,Analyst,Tax,Lead,2015-10-30
304,Partner,Advisory,Lead,2015-10-31
305,Manager,Audit,Senior,2015-11-01
306,Director,Advisory,Lead,2015-11-02
307,Analyst,Consulting,Senior,2015-11-03
308,Director,Audit,Senior,2015-11-04
309,Partner,Consulting,Senior,2015-11-05
310,Partner,Tax,Senior,2015-11-06
311,Analyst,Tax,Junior,2015-11-07
312,Manager,Tax,Senior,2015-11-08
313,Consultant,Advisory,Executive,2015-11-09
314,Analyst,Audit,Lead,2015-11-10
315,Consultant,Tax,Executive,2015-11-11
316,Consultant,Tax,Junior,2015-11-12
317,Manager,Audit,Executive,2015-11-13
318,Consultant,Tax,Lead,2015-11-14
319,Consultant,Consulting,Executive,2015-11-15
320,Manager,Audit,Junior,2015-11-16
321,Consultant,Audit,Senior,2015-11-17
322,Consultant,Audit,Executive,2015-11-18
323,Consultant,Consulting,Junior,2015-11-19
324,Analyst,Audit,Junior,2015-11-20
325,Analyst,Consulting,Lead,2015-11-21
326,Analyst,Audit,Lead,2015-11-22
327,Manager,Advisory,Executive,2015-11-23
328,Partner,Tax,Senior,2015-11-24
329,Consultant,Advisory,Junior,2015-11-25
330,Consultant,Tax,Executive,2015-11-26
331,Manager,Consulting,Junior,2015-11-27
332,Consultant,Advisory,Junior,2015-11-28
333,Analyst,Audit,Senior,2015-11-29
334,Partner,Tax,Senior,2015-11-30
335,Director,Tax,Executive,2015-12-01
336,Consultant,Advisory,Senior,2015-12-02
337,Analyst,Consulting,Senior,2015-12-03
338,Director,Advisory,Executive,2015-12-04
339,Partner,Consulting,Senior,2015-12-05
340,Director,Consulting,Lead,2015-12-06
341,Analyst,Tax,Junior,2015-12-07
342,Director,Advisory,Junior,2015-12-08
343,Manager,Advisory,Junior,2015-12-09
344,Director,Consulting,Junior,2015-12-10
345,Consultant,Advisory,Executive,2015-12-11
346,Consultant,Audit,Junior,2015-12-12
347,Manager,Audit,Junior,2015-12-13
348,Analyst,Advisory,Junior,2015-12-14
349,Consultant,Advisory,Junior,2015-12-15
350,Partner,Consulting,Lead,2015-12-16
351,Consultant,Audit,Junior,2015-12-17
352,Consultant,Audit,Lead,2015-12-18
353,Analyst,Tax,Executive,2015-12-19
354,Director,Consulting,Senior,2015-12-20
355,Consultant,Tax,Junior,2015-12-21
356,Manager,Audit,Senior,2015-12-22
357,Director,Consulting,Senior,2015-12-23
358,Partner,Advisory,Executive,2015-12-24
359,Analyst,Consulting,Senior,2015-12-25
360,Partner,Advisory,Lead,2015-12-26
361,Director,Advisory,Senior,2015-12-27
362,Director,Consulting,Senior,2015-12-28
363,Director,Advisory,Senior,2015-12-29
364,Partner,Tax,Junior,2015-12-30
365,Director,Audit,Junior,2015-12-31
366,Partner,Advisory,Lead,2016-01-01
367,Director,Tax,Lead,2016-01-02
368,Manager,Advisory,Junior,2016-01-03
369,Director,Audit,Lead,2016-01-04
370,Partner,Tax,Junior,2016-01-05
371,Consultant,Audit,Executive,2016-01-06
372,Director,Audit,Senior,2016-01-07
373,Consultant,Tax,Senior,2016-01-08
374,Manager,Tax,Lead,2016-01-09
375,Analyst,Tax,Junior,2016-01-10
376,Manager,Consulting,Junior,2016-01-11
377,Director,Tax,Lead,2016-01-12
378,Consultant,Tax,Junior,2016-01-13
379,Consultant,Tax,Executive,2016-01-14
380,Partner,Tax,Senior,2016-01-15
381,Consultant,Advisory,Lead,2016-01-16
382,Partner,Consulting,Lead,2016-01-17
383,Analyst,Audit,Junior,2016-01-18
384,Director,Tax,Lead,2016-01-19
385,Partner,Advisory,Executive,2016-01-20
386,Analyst,Advisory,Junior,2016-01-21
387,Consultant,Advisory,Junior,2016-01-22
388,Consultant,Audit,Junior,2016-01-23
389,Analyst,Tax,Junior,2016-01-24
390,Consultant,Consulting,Executive,2016-01-25
391,Analyst,Consulting,Junior,2016-01-26
392,Partner,Advisory,Lead,2016-01-27
393,Partner,Audit,Executive,2016-01-28
394,Analyst,Audit,Senior,2016-01-29
395,Partner,Audit,Senior,2016-01-30
396,Partner,Consulting,Lead,2016-01-31
397,Partner,Advisory,Lead,2016-02-01
398,Manager,Tax,Executive,2016-02-02
399,Director,Consulting,Senior,2016-02-03
400,Consultant,Advisory,Senior,2016-02-04
401,Manager,Advisory,Senior,2016-02-05
402,Partner,Tax,Senior,2016-02-06
403,Analyst,Tax,Senior,2016-02-07
404,Partner,Tax,Junior,2016-02-08
405,Director,Audit,Lead,2016-02-09
406,Partner,Tax,Junior,2016-02-10
407,Analyst,Advisory,Senior,2016-02-11
408,Director,Tax,Executive,2016-02-12
409,Partner,Advisory,Executive,2016-02-13
410,Director,Consulting,Senior,2016-02-14
411,Consultant,Audit,Senior,2016-02-15
412,Consultant,Consulting,Executive,2016-02-16
413,Partner,Consulting,Junior,2016-02-17
414,Director,Advisory,Junior,2016-02-18
415,Analyst,Consulting,Senior,2016-02-19
416,Partner,Advisory,Junior,2016-02-20
417,Consultant,Tax,Executive,2016-02-21
418,Consultant,Tax,Junior,2016-02-22
419,Partner,Advisory,Senior,2016-02-23
420,Director,Tax,Executive,2016-02-24
421,Consultant,Audit,Junior,2016-02-25
422,Director,Consulting,Lead,2016-02-26
423,Consultant,Audit,Executive,2016-02-27
424,Consultant,Consulting,Executive,2016-02-28
425,Manager,Tax,Lead,2016-02-29
426,Consultant,Audit,Lead,2016-03-01
427,Analyst,Tax,Executive,2016-03-02
428,Partner,Consulting,Lead,2016-03-03
429,Partner,Advisory,Senior,2016-03-04
430,Director,Advisory,Senior,2016-03-05
431,Consultant,Audit,Senior,2016-03-06
432,Analyst,Tax,Executive,2016-03-07
433,Director,Tax,Lead,2016-03-08
434,Manager,Audit,Lead,2016-03-09
435,Director,Advisory,Junior,2016-03-10
436,Director,Consulting,Junior,2016-03-11
437,Consultant,Audit,Lead,2016-03-12
438,Manager,Consulting,Lead,2016-03-13
439,Director,Advisory,Lead,2016-03-14
440,Analyst,Tax,Executive,2016-03-15
441,Analyst,Advisory,Lead,2016-03-16
442,Partner,Audit,Junior,2016-03-17
443,Manager,Tax,Executive,2016-03-18
444,Manager,Audit,Lead,2016-03-19
445,Partner,Audit,Junior,2016-03-20
446,Director,Advisory,Executive,2016-03-21
447,Manager,Audit,Lead,2016-03-22
448,Analyst,Advisory,Lead,2016-03-23
449,Analyst,Tax,Lead,2016-03-24
450,Consultant,Advisory,Executive,2016-03-25
451,Manager,Tax,Junior,2016-03-26
452,Director,Advisory,Junior,2016-03-27
453,Partner,Consulting,Senior,2016-03-28
454,Partner,Consulting,Lead,2016-03-29
455,Director,Audit,Senior,2016-03-30
456,Consultant,Advisory,Senior,2016-03-31
457,Partner,Advisory,Junior,2016-04-01
458,Manager,Tax,Executive,2016-04-02
459,Consultant,Audit,Executive,2016-04-03
460,Manager,Advisory,Junior,2016-04-04
461,Analyst,Audit,Executive,2016-04-05
462,Consultant,Consulting,Senior,2016-04-06
463,Partner,Advisory,Lead,2016-04-07
464,Consultant,Advisory,Junior,2016-04-08
465,Consultant,Audit,Lead,2016-04-09
466,Consultant,Advisory,Executive,2016-04-10
467,Consultant,Audit,Lead,2016-04-11
468,Manager,Advisory,Executive,2016-04-12
469,Analyst,Tax,Executive,2016-04-13
470,Director,Audit,Senior,2016-04-14
471,Consultant,Advisory,Executive,2016-04-15
472,Partner,Consulting,Senior,2016-04-16
473,Consultant,Advisory,Senior,2016-04-17
474,Partner,Consulting,Senior,2016-04-18
475,Manager,Consulting,Junior,2016-04-19
476,Partner,Tax,Junior,2016-04-20
477,Director,Audit,Executive,2016-04-21
478,Analyst,Advisory,Senior,2016-04-22
479,Partner,Tax,Junior,2016-04-23
480,Partner,Advisory,Senior,2016-04-24
481,Analyst,Consulting,Lead,2016-04-25
482,Director,Audit,Lead,2016-04-26
483,Consultant,Advisory,Lead,2016-04-27
484,Partner,Advisory,Executive,2016-04-28
485,Analyst,Consulting,Senior,2016-04-29
486,Manager,Advisory,Lead,2016-04-30
487,Analyst,Advisory,Junior,2016-05-01
488,Manager,Consulting,Lead,2016-05-02
489,Director,Tax,Lead,2016-05-03
490,Consultant,Consulting,Lead,2016-05-04
491,Analyst,Tax,Executive,2016-05-05
492,Partner,Audit,Junior,2016-05-06
493,Director,Tax,Senior,2016-05-07
494,Analyst,Tax,Junior,2016-05-08
495,Partner,Audit,Senior,2016-05-09
496,Analyst,Tax,Executive,2016-05-10
497,Manager,Consulting,Executive,2016-05-11
498,Analyst,Tax,Executive,2016-05-12
499,Analyst,Audit,Executive,2016-05-13
500,Analyst,Consulting,Senior,2016-05-14
501,Director,Audit,Lead,2016-05-15
502,Analyst,Audit,Senior,2016-05-16
503,Partner,Advisory,Junior,2016-05-17
504,Manager,Advisory,Executive,2016-05-18
505,Manager,Audit,Executive,2016-05-19
506,Analyst,Audit,Junior,2016-05-20
507,Director,Audit,Senior,2016-05-21
508,Director,Advisory,Lead,2016-05-22
509,Partner,Advisory,Lead,2016-05-23
510,Analyst,Tax,Junior,2016-05-24
511,Manager,Tax,Lead,2016-05-25
512,Director,Audit,Senior,2016-05-26
513,Analyst,Consulting,Senior,2016-05-27
514,Director,Consulting,Junior,2016-05-28
515,Director,Advisory,Senior,2016-05-29
516,Manager,Advisory,Executive,2016-05-30
517,Consultant,Advisory,Junior,2016-05-31
518,Partner,Audit,Senior,2016-06-01
519,Partner,Consulting,Junior,2016-06-02
520,Manager,Tax,Lead,2016-06-03
521,Director,Audit,Senior,2016-06-04
522,Analyst,Tax,Executive,2016-06-05
523,Director,Tax,Senior,2016-06-06
524,Manager,Audit,Junior,2016-06-07
525,Partner,Tax,Junior,2016-06-08
526,Director,Consulting,Senior,2016-06-09
527,Partner,Tax,Executive,2016-06-10
528,Analyst,Consulting,Executive,2016-06-11
529,Partner,Consulting,Executive,2016-06-12
530,Partner,Consulting,Junior,2016-06-13
531,Consultant,Advisory,Senior,2016-06-14
532,Consultant,Tax,Lead,2016-06-15
533,Consultant,Audit,Junior,2016-06-16
534,Partner,Audit,Executive,2016-06-17
535,Manager,Tax,Senior,2016-06-18
536,Partner,Advisory,Executive,2016-06-19
537,Manager,Advisory,Lead,2016-06-20
538,Manager,Consulting,Executive,2016-06-21
539,Consultant,Tax,Executive,2016-06-22
540,Director,Tax,Lead,2016-06-23
541,Analyst,Audit,Senior,2016-06-24
542,Consultant,Tax,Junior,2016-06-25
543,Consultant,Advisory,Senior,2016-06-26
544,Director,Tax,Lead,2016-06-27
545,Analyst,Audit,Executive,2016-06-28
546,Partner,Consulting,Senior,2016-06-29
547,Partner,Audit,Junior,2016-06-30
548,Consultant,Audit,Lead,2016-07-01
549,Analyst,Consulting,Senior,2016-07-02
550,Consultant,Audit,Junior,2016-07-03
551,Manager,Audit,Lead,2016-07-04
552,Consultant,Tax,Junior,2016-07-05
553,Consultant,Tax,Lead,2016-07-06
554,Partner,Consulting,Executive,2016-07-07
555,Partner,Tax,Senior,2016-07-08
556,Partner,Tax,Junior,2016-07-09
557,Manager,Audit,Lead,2016-07-10
558,Partner,Advisory,Junior,2016-07-11
559,Analyst,Tax,Junior,2016-07-12
560,Director,Advisory,Senior,2016-07-13
561,Analyst,Tax,Executive,2016-07-14
562,Analyst,Tax,Junior,2016-07-15
563,Partner,Consulting,Lead,2016-07-16
564,Director,Consulting,Lead,2016-07-17
565,Director,Consulting,Executive,2016-07-18
566,Director,Advisory,Lead,2016-07-19
567,Manager,Audit,Executive,2016-07-20
568,Partner,Tax,Lead,2016-07-21
569,Director,Tax,Senior,2016-07-22
570,Manager,Tax,Junior,2016-07-23
571,Consultant,Advisory,Senior,2016-07-24
572,Consultant,Consulting,Junior,2016-07-25
573,Manager,Audit,Junior,2016-07-26
574,Manager,Advisory,Junior,2016-07-27
575,Partner,Consulting,Senior,2016-07-28
576,Partner,Advisory,Junior,2016-07-29
577,Consultant,Audit,Senior,2016-07-30
578,Director,Consulting,Executive,2016-07-31
579,Consultant,Advisory,Lead,2016-08-01
580,Director,Audit,Lead,2016-08-02
581,Director,Tax,Junior,2016-08-03
582,Partner,Audit,Senior,2016-08-04
583,Analyst,Tax,Lead,2016-08-05
584,Analyst,Advisory,Senior,2016-08-06
585,Manager,Consulting,Senior,2016-08-07
586,Partner,Consulting,Junior,2016-08-08
587,Director,Advisory,Lead,2016-08-09
588,Analyst,Consulting,Junior,2016-08-10
589,Director,Consulting,Junior,2016-08-11
590,Analyst,Tax,Lead,2016-08-12
591,Analyst,Advisory,Lead,2016-08-13
592,Analyst,Audit,Executive,2016-08-14
593,Partner,Tax,Executive,2016-08-15
594,Consultant,Advisory,Senior,2016-08-16
595,Director,Tax,Lead,2016-08-17
596,Partner,Audit,Executive,2016-08-18
597,Partner,Audit,Senior,2016-08-19
598,Partner,Advisory,Senior,2016-08-20
599,Partner,Audit,Senior,2016-08-21
600,Partner,Tax,Executive,2016-08-22
601,Manager,Audit,Lead,2016-08-23
602,Director,Tax,Junior,2016-08-24
603,Partner,Tax,Senior,2016-08-25
604,Director,Audit,Executive,2016-08-26
605,Manager,Advisory,Executive,2016-08-27
606,Manager,Consulting,Junior,2016-08-28
607,Director,Audit,Junior,2016-08-29
608,Analyst,Tax,Executive,2016-08-30
609,Consultant,Tax,Lead,2016-08-31
610,Analyst,Audit,Junior,2016-09-01
611,Analyst,Advisory,Executive,2016-09-02
612,Analyst,Advisory,Junior,2016-09-03
613,Partner,Tax,Lead,2016-09-04
614,Manager,Tax,Senior,2016-09-05
615,Analyst,Advisory,Junior,2016-09-06
616,Manager,Consulting,Lead,2016-09-07
617,Director,Audit,Executive,2016-09-08
618,Consultant,Tax,Junior,2016-09-09
619,Director,Tax,Junior,2016-09-10
620,Director,Advisory,Executive,2016-09-11
621,Partner,Audit,Senior,2016-09-12
622,Consultant,Advisory,Executive,2016-09-13
623,Director,Audit,Junior,2016-09-14
624,Director,Audit,Executive,2016-09-15
625,Consultant,Audit,Lead,2016-09-16
626,Consultant,Tax,Executive,2016-09-17
627,Director,Consulting,Junior,2016-09-18
628,Consultant,Advisory,Executive,2016-09-19
629,Director,Consulting,Senior,2016-09-20
630,Director,Advisory,Executive,2016-09-21
631,Partner,Audit,Senior,2016-09-22
632,Analyst,Tax,Lead,2016-09-23
633,Director,Consulting,Senior,2016-09-24
634,Manager,Tax,Executive,2016-09-25
635,Analyst,Advisory,Junior,2016-09-26
636,Analyst,Tax,Senior,2016-09-27
637,Analyst,Tax,Lead,2016-09-28
638,Partner,Consulting,Senior,2016-09-29
639,Director,Audit,Senior,2016-09-30
640,Partner,Tax,Senior,2016-10-01
641,Director,Audit,Lead,2016-10-02
642,Partner,Advisory,Executive,2016-10-03
643,Partner,Tax,Senior,2016-10-04
644,Manager,Consulting,Senior,2016-10-05
645,Partner,Advisory,Junior,2016-10-06
646,Consultant,Advisory,Lead,2016-10-07
647,Manager,Consulting,Senior,2016-10-08
648,Partner,Tax,Lead,2016-10-09
649,Analyst,Tax,Senior,2016-10-10
650,Consultant,Advisory,Executive,2016-10-11
651,Consultant,Tax,Executive,2016-10-12
652,Consultant,Audit,Senior,2016-10-13
653,Manager,Consulting,Executive,2016-10-14
654,Partner,Audit,Senior,2016-10-15
655,Partner,Tax,Executive,2016-10-16
656,Analyst,Advisory,Junior,2016-10-17
657,Analyst,Consulting,Junior,2016-10-18
658,Consultant,Tax,Junior,2016-10-19
659,Analyst,Tax,Lead,2016-10-20
660,Manager,Advisory,Lead,2016-10-21
661,Partner,Advisory,Junior,2016-10-22
662,Consultant,Audit,Lead,2016-10-23
663,Analyst,Consulting,Executive,2016-10-24
664,Manager,Consulting,Senior,2016-10-25
665,Manager,Advisory,Senior,2016-10-26
666,Analyst,Audit,Senior,2016-10-27
667,Partner,Consulting,Junior,2016-10-28
668,Analyst,Advisory,Lead,2016-10-29
669,Consultant,Tax,Executive,2016-10-30
670,Analyst,Consulting,Executive,2016-10-31
671,Manager,Audit,Junior,2016-11-01
672,Analyst,Audit,Executive,2016-11-02
673,Partner,Audit,Executive,2016-11-03
674,Director,Tax,Executive,2016-11-04
675,Analyst,Consulting,Executive,2016-11-05
676,Partner,Consulting,Lead,2016-11-06
677,Partner,Tax,Executive,2016-11-07
678,Manager,Consulting,Senior,2016-11-08
679,Partner,Tax,Junior,2016-11-09
680,Partner,Tax,Lead,2016-11-10
681,Partner,Tax,Executive,2016-11-11
682,Partner,Audit,Lead,2016-11-12
683,Consultant,Consulting,Executive,2016-11-13
684,Consultant,Tax,Senior,2016-11-14
685,Manager,Consulting,Junior,2016-11-15
686,Analyst,Audit,Executive,2016-11-16
687,Partner,Tax,Executive,2016-11-17
688,Analyst,Advisory,Executive,2016-11-18
689,Analyst,Audit,Executive,2016-11-19
690,Manager,Advisory,Junior,2016-11-20
691,Partner,Consulting,Junior,2016-11-21
692,Partner,Consulting,Senior,2016-11-22
693,Director,Audit,Junior,2016-11-23
694,Analyst,Consulting,Executive,2016-11-24
695,Analyst,Advisory,Senior,2016-11-25
696,Consultant,Tax,Senior,2016-11-26
697,Director,Tax,Senior,2016-11-27
698,Consultant,Tax,Executive,2016-11-28
699,Consultant,Audit,Lead,2016-11-29
700,Consultant,Consulting,Executive,2016-11-30
701,Manager,Advisory,Junior,2016-12-01
702,Manager,Consulting,Junior,2016-12-02
703,Consultant,Consulting,Executive,2016-12-03
704,Director,Consulting,Executive,2016-12-04
705,Analyst,Tax,Senior,2016-12-05
706,Director,Advisory,Executive,2016-12-06
707,Partner,Advisory,Senior,2016-12-07
708,Manager,Consulting,Junior,2016-12-08
709,Analyst,Tax,Senior,2016-12-09
710,Analyst,Tax,Executive,2016-12-10
711,Partner,Advisory,Junior,2016-12-11
712,Partner,Tax,Lead,2016-12-12
713,Consultant,Tax,Senior,2016-12-13
714,Manager,Tax,Junior,2016-12-14
715,Manager,Audit,Senior,2016-12-15
716,Director,Consulting,Junior,2016-12-16
717,Consultant,Advisory,Junior,2016-12-17
718,Consultant,Advisory,Senior,2016-12-18
719,Consultant,Audit,Lead,2016-12-19
720,Consultant,Consulting,Junior,2016-12-20
721,Manager,Advisory,Junior,2016-12-21
722,Manager,Tax,Junior,2016-12-22
723,Consultant,Advisory,Lead,2016-12-23
724,Director,Tax,Lead,2016-12-24
725,Analyst,Audit,Executive,2016-12-25
726,Analyst,Tax,Senior,2016-12-26
727,Director,Advisory,Lead,2016-12-27
728,Consultant,Advisory,Senior,2016-12-28
729,Manager,Advisory,Executive,2016-12-29
730,Analyst,Audit,Senior,2016-12-30
731,Partner,Audit,Lead,2016-12-31
732,Partner,Consulting,Senior,2017-01-01
733,Director,Advisory,Lead,2017-01-02
734,Consultant,Tax,Senior,2017-01-03
735,Analyst,Audit,Lead,2017-01-04
736,Consultant,Advisory,Lead,2017-01-05
737,Analyst,Advisory,Senior,2017-01-06
738,Director,Audit,Executive,2017-01-07
739,Director,Consulting,Junior,2017-01-08
740,Partner,Audit,Executive,2017-01-09
741,Consultant,Audit,Senior,2017-01-10
742,Partner,Tax,Executive,2017-01-11
743,Consultant,Tax,Lead,2017-01-12
744,Partner,Consulting,Junior,2017-01-13
745,Manager,Advisory,Senior,2017-01-14
746,Manager,Audit,Senior,2017-01-15
747,Manager,Consulting,Senior,2017-01-16
748,Manager,Tax,Junior,2017-01-17
749,Analyst,Audit,Lead,2017-01-18
750,Manager,Advisory,Senior,2017-01-19
751,Director,Tax,Executive,2017-01-20
752,Director,Tax,Senior,2017-01-21
753,Analyst,Tax,Senior,2017-01-22
754,Manager,Consulting,Senior,2017-01-23
755,Manager,Advisory,Senior,2017-01-24
756,Manager,Audit,Lead,2017-01-25
757,Partner,Consulting,Executive,2017-01-26
758,Consultant,Consulting,Lead,2017-01-27
759,Partner,Consulting,Executive,2017-01-28
760,Consultant,Tax,Senior,2017-01-29
761,Manager,Advisory,Junior,2017-01-30
762,Manager,Consulting,Lead,2017-01-31
763,Partner,Audit,Junior,2017-02-01
764,Partner,Advisory,Lead,2017-02-02
765,Consultant,Audit,Senior,2017-02-03
766,Director,Advisory,Lead,2017-02-04
767,Consultant,Audit,Senior,2017-02-05
768,Partner,Tax,Lead,2017-02-06
769,Partner,Consulting,Senior,2017-02-07
770,Analyst,Audit,Senior,2017-02-08
771,Partner,Advisory,Executive,2017-02-09
772,Analyst,Consulting,Senior,2017-02-10
773,Director,Consulting,Executive,2017-02-11
774,Consultant,Advisory,Senior,2017-02-12
775,Consultant,Audit,Junior,2017-02-13
776,Analyst,Tax,Senior,2017-02-14
777,Consultant,Tax,Junior,2017-02-15
778,Partner,Audit,Junior,2017-02-16
779,Manager,Consulting,Senior,2017-02-17
780,Analyst,Consulting,Junior,2017-02-18
781,Consultant,Consulting,Executive,2017-02-19
782,Analyst,Consulting,Lead,2017-02-20
783,Analyst,Audit,Senior,2017-02-21
784,Manager,Consulting,Junior,2017-02-22
785,Partner,Advisory,Senior,2017-02-23
786,Analyst,Consulting,Executive,2017-02-24
787,Consultant,Tax,Senior,2017-02-25
788,Director,Consulting,Senior,2017-02-26
789,Analyst,Audit,Junior,2017-02-27
790,Analyst,Tax,Executive,2017-02-28
791,Manager,Audit,Lead,2017-03-01
792,Partner,Audit,Lead,2017-03-02
793,Director,Tax,Junior,2017-03-03
794,Consultant,Audit,Senior,2017-03-04
795,Director,Audit,Junior,2017-03-05
796,Consultant,Consulting,Junior,2017-03-06
797,Partner,Advisory,Junior,2017-03-07
798,Consultant,Audit,Senior,2017-03-08
799,Manager,Audit,Executive,2017-03-09
800,Manager,Audit,Junior,2017-03-10
801,Manager,Consulting,Senior,2017-03-11
802,Manager,Advisory,Executive,2017-03-12
803,Director,Tax,Junior,2017-03-13
804,Partner,Consulting,Lead,2017-03-14
805,Consultant,Consulting,Executive,2017-03-15
806,Consultant,Advisory,Junior,2017-03-16
807,Manager,Advisory,Executive,2017-03-17
808,Manager,Consulting,Executive,2017-03-18
809,Analyst,Tax,Executive,2017-03-19
810,Partner,Consulting,Executive,2017-03-20
811,Director,Advisory,Executive,2017-03-21
812,Consultant,Tax,Executive,2017-03-22
813,Analyst,Advisory,Junior,2017-03-23
814,Analyst,Tax,Lead,2017-03-24
815,Consultant,Audit,Senior,2017-03-25
816,Director,Advisory,Executive,2017-03-26
817,Analyst,Advisory,Senior,2017-03-27
818,Analyst,Consulting,Junior,2017-03-28
819,Partner,Advisory,Executive,2017-03-29
820,Director,Advisory,Lead,2017-03-30
821,Analyst,Audit,Senior,2017-03-31
822,Director,Advisory,Executive,2017-04-01
823,Consultant,Audit,Junior,2017-04-02
824,Manager,Audit,Lead,2017-04-03
825,Analyst,Audit,Senior,2017-04-04
826,Partner,Audit,Senior,2017-04-05
827,Consultant,Tax,Executive,2017-04-06
828,Director,Consulting,Lead,2017-04-07
829,Consultant,Tax,Lead,2017-04-08
830,Analyst,Advisory,Lead,2017-04-09
831,Director,Tax,Lead,2017-04-10
832,Manager,Tax,Junior,2017-04-11
833,Consultant,Advisory,Lead,2017-04-12
834,Analyst,Advisory,Senior,2017-04-13
835,Partner,Advisory,Senior,2017-04-14
836,Director,Tax,Junior,2017-04-15
837,Consultant,Tax,Senior,2017-04-16
838,Consultant,Advisory,Senior,2017-04-17
839,Manager,Consulting,Lead,2017-04-18
840,Manager,Consulting,Senior,2017-04-19
841,Partner,Audit,Junior,2017-04-20
842,Partner,Advisory,Lead,2017-04-21
843,Analyst,Audit,Executive,2017-04-22
844,Analyst,Consulting,Lead,2017-04-23
845,Partner,Audit,Junior,2017-04-24
846,Partner,Advisory,Lead,2017-04-25
847,Director,Advisory,Lead,2017-04-26
848,Manager,Advisory,Junior,2017-04-27
849,Analyst,Tax,Lead,2017-04-28
850,Manager,Audit,Junior,2017-04-29
851,Manager,Consulting,Junior,2017-04-30
852,Partner,Consulting,Executive,2017-05-01
853,Director,Consulting,Senior,2017-05-02
854,Consultant,Tax,Senior,2017-05-03
855,Director,Tax,Lead,2017-05-04
856,Director,Advisory,Lead,2017-05-05
857,Manager,Consulting,Executive,2017-05-06
858,Director,Tax,Executive,2017-05-07
859,Analyst,Advisory,Executive,2017-05-08
860,Manager,Consulting,Junior,2017-05-09
861,Analyst,Audit,Executive,2017-05-10
862,Consultant,Advisory,Executive,2017-05-11
863,Manager,Tax,Lead,2017-05-12
864,Consultant,Tax,Executive,2017-05-13
865,Manager,Advisory,Junior,2017-05-14
866,Partner,Advisory,Junior,2017-05-15
867,Director,Tax,Lead,2017-05-16
868,Partner,Audit,Executive,2017-05-17
869,Consultant,Consulting,Executive,2017-05-18
870,Director,Audit,Junior,2017-05-19
871,Manager,Advisory,Executive,2017-05-20
872,Director,Audit,Executive,2017-05-21
873,Analyst,Tax,Executive,2017-05-22
874,Director,Advisory,Senior,2017-05-23
875,Analyst,Consulting,Lead,2017-05-24
876,Director,Tax,Senior,2017-05-25
877,Analyst,Tax,Lead,2017-05-26
878,Consultant,Consulting,Junior,2017-05-27
879,Partner,Consulting,Executive,2017-05-28
880,Manager,Audit,Lead,2017-05-29
881,Director,Advisory,Senior,2017-05-30
882,Partner,Consulting,Executive,2017-05-31
883,Manager,Consulting,Junior,2017-06-01
884,Manager,Advisory,Lead,2017-06-02
885,Analyst,Consulting,Lead,2017-06-03
886,Consultant,Consulting,Lead,2017-06-04
887,Consultant,Audit,Executive,2017-06-05
888,Partner,Tax,Senior,2017-06-06
889,Consultant,Tax,Senior,2017-06-07
890,Director,Tax,Lead,2017-06-08
891,Consultant,Tax,Junior,2017-06-09
892,Partner,Consulting,Junior,2017-06-10
893,Consultant,Advisory,Senior,2017-06-11
894,Director,Advisory,Junior,2017-06-12
895,Analyst,Audit,Senior,2017-06-13
896,Partner,Audit,Lead,2017-06-14
897,Analyst,Consulting,Senior,2017-06-15
898,Analyst,Advisory,Senior,2017-06-16
899,Analyst,Advisory,Lead,2017-06-17
900,Manager,Tax,Junior,2017-06-18
901,Manager,Consulting,Senior,2017-06-19
902,Analyst,Consulting,Senior,2017-06-20
903,Partner,Tax,Lead,2017-06-21
904,Director,Consulting,Junior,2017-06-22
905,Director,Consulting,Senior,2017-06-23
906,Consultant,Audit,Lead,2017-06-24
907,Partner,Advisory,Senior,2017-06-25
908,Manager,Consulting,Executive,2017-06-26
909,Analyst,Audit,Lead,2017-06-27
910,Consultant,Advisory,Junior,2017-06-28
911,Director,Tax,Junior,2017-06-29
912,Manager,Audit,Junior,2017-06-30
913,Manager,Audit,Junior,2017-07-01
914,Analyst,Advisory,Senior,2017-07-02
915,Director,Tax,Senior,2017-07-03
916,Partner,Audit,Junior,2017-07-04
917,Manager,Consulting,Junior,2017-07-05
918,Analyst,Consulting,Junior,2017-07-06
919,Partner,Consulting,Senior,2017-07-07
920,Director,Tax,Junior,2017-07-08
921,Manager,Audit,Junior,2017-07-09
922,Partner,Consulting,Executive,2017-07-10
923,Partner,Tax,Executive,2017-07-11
924,Partner,Consulting,Junior,2017-07-12
925,Manager,Advisory,Lead,2017-07-13
926,Manager,Audit,Junior,2017-07-14
927,Consultant,Audit,Executive,2017-07-15
928,Director,Tax,Lead,2017-07-16
929,Analyst,Tax,Lead,2017-07-17
930,Partner,Audit,Junior,2017-07-18
931,Consultant,Consulting,Executive,2017-07-19
932,Analyst,Consulting,Executive,2017-07-20
933,Consultant,Advisory,Lead,2017-07-21
934,Manager,Consulting,Junior,2017-07-22
935,Partner,Tax,Senior,2017-07-23
936,Analyst,Tax,Senior,2017-07-24
937,Analyst,Consulting,Executive,2017-07-25
938,Analyst,Tax,Senior,2017-07-26
939,Analyst,Audit,Executive,2017-07-27
940,Analyst,Audit,Executive,2017-07-28
941,Consultant,Consulting,Executive,2017-07-29
942,Partner,Audit,Senior,2017-07-30
943,Manager,Audit,Executive,2017-07-31
944,Manager,Advisory,Lead,2017-08-01
945,Manager,Advisory,Junior,2017-08-02
946,Manager,Audit,Junior,2017-08-03
947,Consultant,Consulting,Executive,2017-08-04
948,Director,Advisory,Junior,2017-08-05
949,Partner,Tax,Senior,2017-08-06
950,Analyst,Tax,Senior,2017-08-07
951,Director,Tax,Junior,2017-08-08
952,Manager,Consulting,Senior,2017-08-09
953,Director,Audit,Junior,2017-08-10
954,Partner,Tax,Junior,2017-08-11
955,Analyst,Consulting,Junior,2017-08-12
956,Analyst,Advisory,Executive,2017-08-13
957,Partner,Audit,Junior,2017-08-14
958,Partner,Advisory,Executive,2017-08-15
959,Manager,Consulting,Junior,2017-08-16
960,Analyst,Tax,Junior,2017-08-17
961,Director,Tax,Junior,2017-08-18
962,Consultant,Consulting,Senior,2017-08-19
963,Consultant,Tax,Executive,2017-08-20
964,Partner,Audit,Executive,2017-08-21
965,Manager,Consulting,Junior,2017-08-22
966,Consultant,Advisory,Junior,2017-08-23
967,Analyst,Consulting,Senior,2017-08-24
968,Partner,Audit,Senior,2017-08-25
969,Director,Audit,Senior,2017-08-26
970,Partner,Consulting,Executive,2017-08-27
971,Director,Consulting,Executive,2017-08-28
972,Partner,Tax,Executive,2017-08-29
973,Partner,Audit,Junior,2017-08-30
974,Partner,Consulting,Executive,2017-08-31
975,Director,Consulting,Lead,2017-09-01
976,Director,Audit,Lead,2017-09-02
977,Partner,Consulting,Senior,2017-09-03
978,Consultant,Tax,Executive,2017-09-04
979,Manager,Audit,Lead,2017-09-05
980,Manager,Tax,Senior,2017-09-06
981,Manager,Tax,Executive,2017-09-07
982,Director,Tax,Junior,2017-09-08
983,Director,Tax,Lead,2017-09-09
984,Consultant,Audit,Junior,2017-09-10
985,Manager,Tax,Executive,2017-09-11
986,Manager,Tax,Lead,2017-09-12
987,Partner,Consulting,Executive,2017-09-13
988,Director,Audit,Junior,2017-09-14
989,Manager,Audit,Lead,2017-09-15
990,Consultant,Advisory,Junior,2017-09-16
991,Consultant,Audit,Executive,2017-09-17
992,Manager,Audit,Executive,2017-09-18
993,Director,Advisory,Junior,2017-09-19
994,Consultant,Audit,Lead,2017-09-20
995,Partner,Audit,Junior,2017-09-21
996,Consultant,Audit,Executive,2017-09-22
997,Analyst,Audit,Junior,2017-09-23
998,Analyst,Advisory,Executive,2017-09-24
999,Director,Audit,Junior,2017-09-25
1000,Manager,Audit,Lead,2017-09-26
